gene1,gene2,cat1,cat2,cat3,population
7.412041089808689,0.0,TypeA,G,Unknown,Pop1
6.38167367237528,0.0,TypeA,G,Unknown,Pop1
8.426824277556822,10.192687320607641,TypeA,G,Unknown,Pop1
0.0,8.294615176037112,TypeA,G,Unknown,Pop1
8.34977621425634,0.0,TypeA,G,Unknown,Pop1
0.0,10.380179107379421,TypeA,G,Unknown,Pop1
8.636554123716898,8.7232738790591,TypeA,G,Unknown,Pop1
0.0,0.0,TypeA,G,Unknown,Pop1
9.182725965958273,0.0,TypeA,G,Unknown,Pop1
0.0,0.0,TypeA,G,Unknown,Pop1
6.174017074276065,7.94824077378953,TypeA,G,Unknown,Pop1
8.623042675063273,9.198294488849815,TypeA,G,Unknown,Pop1
8.664689358711774,10.775611948421641,TypeA,G,Unknown,Pop1
0.0,11.710470392418827,TypeA,G,Unknown,Pop1
8.940417175561036,10.64872342576776,TypeA,G,Unknown,Pop1
7.869843936836611,11.72212212134555,TypeA,G,Unknown,Pop1
0.0,9.48899968554511,TypeA,G,Unknown,Pop1
7.522297185182251,8.301453535211229,TypeA,G,Unknown,Pop1
8.70353449678114,8.743864372901363,TypeA,G,Unknown,Pop1
0.0,11.855455608039922,TypeA,G,Unknown,Pop1
0.0,9.108784679494864,TypeA,G,Unknown,Pop1
8.303540145170173,10.002436449580884,TypeA,G,Unknown,Pop1
10.31582285142358,11.59597864302887,TypeA,G,Unknown,Pop1
0.0,11.137928929206478,TypeA,G,Unknown,Pop1
0.0,8.663915652252868,TypeA,G,Unknown,Pop1
0.0,0.0,TypeA,G,Unknown,Pop1
8.589645490478544,0.0,TypeA,G,Unknown,Pop1
6.170475771266586,9.101755890382785,TypeA,G,Unknown,Pop1
0.0,10.95557424324173,TypeA,G,Unknown,Pop1
0.0,0.0,TypeA,G,Unknown,Pop1
8.726717422335685,0.0,TypeA,G,Unknown,Pop1
10.061646916016866,0.0,TypeA,G,Unknown,Pop1
0.0,9.60324938434877,TypeA,G,Unknown,Pop1
7.593493987844532,0.0,TypeA,G,Unknown,Pop1
7.84416038360358,0.0,TypeA,G,Unknown,Pop1
6.7529002682235815,10.290936834689552,TypeA,G,Unknown,Pop1
7.2650715670657,10.829715222879706,TypeA,G,Unknown,Pop1
11.05464576971263,13.876548274087853,TypeA,G,Unknown,Pop1
8.034351227775199,9.735343877309331,TypeA,G,Unknown,Pop1
0.0,8.884827445287998,TypeA,G,Unknown,Pop1
8.112042306869192,10.46915487838094,TypeA,G,Unknown,Pop1
6.304065055892115,7.785794837618468,TypeA,G,Unknown,Pop1
0.0,0.0,TypeA,G,Unknown,Pop1
6.624661268639375,8.95341237829906,TypeA,G,Unknown,Pop1
8.444173160276566,10.957440593389922,TypeA,G,Unknown,Pop1
7.3872559780022975,10.355900968535186,TypeA,G,Unknown,Pop1
0.0,0.0,TypeA,G,Unknown,Pop1
9.250467804180321,9.7869528560482,TypeA,G,Unknown,Pop1
0.0,9.738797330451739,TypeA,G,Unknown,Pop1
8.110529099379642,9.875941966004495,TypeA,G,Unknown,Pop1
10.082682159593853,11.662036836828493,TypeA,G,Unknown,Pop1
0.0,10.052230056099974,TypeA,G,Unknown,Pop1
8.011335513140896,0.0,TypeA,G,Unknown,Pop1
5.417521683064427,7.592099495896267,TypeA,G,Unknown,Pop1
7.696515815923108,9.62206990015694,TypeA,G,Unknown,Pop1
0.0,12.52503879153061,TypeA,G,Unknown,Pop1
6.688701865298774,11.151943977784061,TypeA,G,Unknown,Pop1
0.0,10.405243308550459,TypeA,G,Unknown,Pop1
8.630258373913275,0.0,TypeA,G,Unknown,Pop1
0.0,8.864154036434567,TypeA,G,Unknown,Pop1
7.408256821905811,8.498869367111071,TypeA,G,Unknown,Pop1
6.8452030877395735,7.443352024947293,TypeA,G,Unknown,Pop1
6.1284332244302,0.0,TypeA,G,Unknown,Pop1
9.593505255237197,0.0,TypeA,G,Unknown,Pop1
8.119911462143099,0.0,TypeA,G,Unknown,Pop1
0.0,12.085616390284581,TypeA,G,Unknown,Pop1
0.0,11.642091936987404,TypeA,G,Unknown,Pop1
0.0,11.991251139083092,TypeA,G,Unknown,Pop1
9.197177470649965,0.0,TypeA,G,Unknown,Pop1
0.0,8.308385719568312,TypeA,G,Unknown,Pop1
7.0455274127620156,10.352670167044444,TypeA,G,Unknown,Pop1
10.034183508411207,12.21881736694351,TypeA,G,Unknown,Pop1
0.0,10.047118814085707,TypeA,G,Unknown,Pop1
10.29656028905612,10.976103675971842,TypeA,G,Unknown,Pop1
7.161043872618401,9.458028545851587,TypeA,G,Unknown,Pop1
7.495405001644057,9.841853211141034,TypeA,G,Unknown,Pop1
8.78346130075581,11.015714997916815,TypeA,G,Unknown,Pop1
0.0,0.0,TypeA,G,Unknown,Pop1
5.2948958600380385,7.768728780949827,TypeA,G,Unknown,Pop1
0.0,0.0,TypeA,G,Unknown,Pop1
0.0,0.0,TypeA,G,Unknown,Pop1
6.877663273099616,8.056980954747907,TypeA,G,Unknown,Pop1
6.519182708033503,8.931963634970002,TypeA,G,Unknown,Pop1
0.0,0.0,TypeA,G,Unknown,Pop1
8.701486046995877,9.947749882638387,TypeA,G,Unknown,Pop1
9.584622126679019,0.0,TypeA,G,Unknown,Pop1
7.931419986975522,10.272571961792165,TypeA,G,Unknown,Pop1
7.2203808529385345,10.047564101974558,TypeA,G,Unknown,Pop1
7.256033075180195,10.709567152337513,TypeA,G,Unknown,Pop1
0.0,0.0,TypeA,G,Unknown,Pop1
0.0,8.743741118972073,TypeA,G,Unknown,Pop1
9.175421407755618,11.657893822998803,TypeA,G,Unknown,Pop1
0.0,10.652613725671053,TypeA,G,Unknown,Pop1
7.410379923498162,9.33755101084129,TypeA,G,Unknown,Pop1
9.877626407233304,10.362779182547438,TypeA,G,Unknown,Pop1
8.162484362758896,0.0,TypeA,G,Unknown,Pop1
8.339649987244387,0.0,TypeA,G,Unknown,Pop1
0.0,0.0,TypeA,G,Unknown,Pop1
9.092370932338904,11.246096038284431,TypeA,G,Unknown,Pop1
8.494482252343365,0.0,TypeA,G,Unknown,Pop1
7.246299547953978,9.807084074322212,TypeA,G,Unknown,Pop1
6.040356850691987,9.094158902726889,TypeA,G,Unknown,Pop1
0.0,11.353572748285439,TypeA,G,Unknown,Pop1
7.061779407812989,0.0,TypeA,G,Unknown,Pop1
5.392290209020135,11.245021699674856,TypeA,G,Unknown,Pop1
6.67700002133931,0.0,TypeA,G,Unknown,Pop1
0.0,0.0,TypeA,G,Unknown,Pop1
8.037577398426135,10.796546618919402,TypeA,G,Unknown,Pop1
0.0,10.903942358923272,TypeA,G,Unknown,Pop1
8.601138551812745,0.0,TypeA,G,Unknown,Pop1
5.871627127574213,6.004361934982466,TypeA,G,Unknown,Pop1
0.0,0.0,TypeA,G,Unknown,Pop1
8.079831877839093,11.16878247480646,TypeA,G,Unknown,Pop1
8.453837916566114,9.376093138636808,TypeA,G,Unknown,Pop1
0.0,0.0,TypeA,G,Unknown,Pop1
8.857954941920735,0.0,TypeA,G,Unknown,Pop1
0.0,9.613913948610522,TypeA,G,Unknown,Pop1
4.8468690462501645,7.480788068568176,TypeA,G,Unknown,Pop1
10.585784669486337,0.0,TypeA,G,Unknown,Pop1
8.44924453600477,0.0,TypeA,G,Unknown,Pop1
9.105774612110547,10.991038170643648,TypeA,G,Unknown,Pop1
6.899087025198197,9.764842219368319,TypeA,G,Unknown,Pop1
9.755093514237442,0.0,TypeA,G,Unknown,Pop1
8.954958206130897,10.301628973557184,TypeA,G,Unknown,Pop1
0.0,7.867014420056352,TypeA,G,Unknown,Pop1
9.209061714113737,0.0,TypeA,G,Unknown,Pop1
4.676418599459416,7.708883860010564,TypeA,G,Unknown,Pop1
10.252054576140623,11.76782050327437,TypeA,G,Unknown,Pop1
6.6778688158279635,7.970199350209183,TypeA,G,Unknown,Pop1
7.025565056338421,0.0,TypeA,G,Unknown,Pop1
9.255976433252616,11.196451077190815,TypeA,G,Unknown,Pop1
0.0,13.775599836582147,TypeA,G,Unknown,Pop1
8.958007849823233,0.0,TypeA,G,Unknown,Pop1
6.555593515193426,7.125452137232793,TypeA,G,Unknown,Pop1
8.5167538501596,0.0,TypeA,G,Unknown,Pop1
0.0,7.375443577335755,TypeA,G,Unknown,Pop1
6.45616245836681,0.0,TypeA,G,Unknown,Pop1
9.06736216303404,0.0,TypeA,G,Unknown,Pop1
8.036777213307584,9.436560336148789,TypeA,G,Unknown,Pop1
8.100317319492188,0.0,TypeA,G,Unknown,Pop1
7.518765330225946,0.0,TypeA,G,Unknown,Pop1
6.520804714069898,7.282989215243049,TypeA,G,Unknown,Pop1
0.0,0.0,TypeA,G,Unknown,Pop1
7.906634203852941,10.494951410337517,TypeA,G,Unknown,Pop1
7.939632458681071,0.0,TypeA,G,Unknown,Pop1
8.521820325701654,10.02881939104282,TypeA,G,Unknown,Pop1
8.354855240679694,11.204457337700719,TypeA,G,Unknown,Pop1
7.874167702599134,9.18125810733848,TypeA,G,Unknown,Pop1
6.656291464631162,8.963590985507771,TypeA,G,Unknown,Pop1
6.609870070721734,0.0,TypeA,G,Unknown,Pop1
9.376747838605024,10.816566798408054,TypeA,G,Unknown,Pop1
6.70623834953074,0.0,TypeA,G,Unknown,Pop1
0.0,10.086313901471383,TypeA,G,Unknown,Pop1
0.0,8.01402251901537,TypeA,G,Unknown,Pop1
0.0,0.0,TypeA,G,Unknown,Pop1
0.0,0.0,TypeA,G,Unknown,Pop1
6.501321988245067,0.0,TypeA,G,Unknown,Pop1
6.2625119463858185,8.283515788018578,TypeA,G,Unknown,Pop1
7.252994394352706,8.94272763775925,TypeA,G,Unknown,Pop1
7.636239751134181,9.506096696766496,TypeA,G,Unknown,Pop1
0.0,10.169264911944728,TypeA,G,Unknown,Pop1
8.036210584859832,12.128597860545293,TypeA,G,Unknown,Pop1
9.937930209422168,10.723741596634435,TypeA,G,Unknown,Pop1
6.072131972058051,8.863794666020986,TypeA,G,Unknown,Pop1
6.860194333254294,0.0,TypeA,G,Unknown,Pop1
8.464828143400933,0.0,TypeA,G,Unknown,Pop1
8.238300851143194,9.561139139631083,TypeA,G,Unknown,Pop1
0.0,0.0,TypeA,G,Unknown,Pop1
0.0,10.931337224520469,TypeA,G,Unknown,Pop1
7.735605308137217,9.171880755333241,TypeA,G,Unknown,Pop1
8.96585173903101,11.209538950522923,TypeA,G,Unknown,Pop1
7.929411274346615,9.422468098975484,TypeA,G,Unknown,Pop1
8.507100138646843,10.739150076004478,TypeA,G,Unknown,Pop1
0.0,11.211903635336046,TypeA,G,Unknown,Pop1
9.057135946008628,0.0,TypeA,G,Unknown,Pop1
6.851029841874814,0.0,TypeA,G,Unknown,Pop1
0.0,8.785453698751333,TypeA,G,Unknown,Pop1
0.0,9.523891396176104,TypeA,G,Unknown,Pop1
8.16881989637196,0.0,TypeA,G,Unknown,Pop1
7.986698944716473,0.0,TypeA,G,Unknown,Pop1
6.546599683023508,10.079338596026085,TypeA,G,Unknown,Pop1
0.0,0.0,TypeA,G,Unknown,Pop1
7.287635550496406,8.886415078610568,TypeA,G,Unknown,Pop1
0.0,9.709849711616084,TypeA,G,Unknown,Pop1
8.25729155903011,9.484281775174644,TypeA,G,Unknown,Pop1
7.718576941537266,10.216575232782715,TypeA,G,Unknown,Pop1
5.600682035524031,8.559952861609238,TypeA,G,Unknown,Pop1
5.535281126482786,0.0,TypeA,G,Unknown,Pop1
6.754357262994608,8.93769926873296,TypeA,G,Unknown,Pop1
5.507312151910704,6.699013866555553,TypeA,G,Unknown,Pop1
9.410543905161692,10.81115125971767,TypeA,G,Unknown,Pop1
11.072527459418955,12.546772437738195,TypeA,G,Unknown,Pop1
0.0,11.079435010526929,TypeA,G,Unknown,Pop1
6.609813919903768,0.0,TypeA,G,Unknown,Pop1
7.03115926985731,8.454255614194906,TypeA,G,Unknown,Pop1
8.942531311546539,0.0,TypeA,G,Unknown,Pop1
0.0,12.662233752120112,TypeA,G,Unknown,Pop1
0.0,8.205159551087386,TypeA,G,Unknown,Pop1
9.5893277761034,0.0,TypeA,G,Unknown,Pop1
7.532613816886394,10.770430128859855,TypeA,G,Unknown,Pop1
10.408917045803307,11.809542022849534,TypeA,G,Unknown,Pop1
7.969572940415523,10.016553534180265,TypeA,G,Unknown,Pop1
8.283955689441807,10.906805621789305,TypeA,G,Unknown,Pop1
9.483518817889816,11.341139332868524,TypeA,G,Unknown,Pop1
7.583644420312075,10.098083254370826,TypeA,G,Unknown,Pop1
0.0,8.496300955742692,TypeA,G,Unknown,Pop1
0.0,12.668280700222525,TypeA,G,Unknown,Pop1
7.934633151838208,9.186146615281654,TypeA,G,Unknown,Pop1
5.890181496403999,8.005856130696857,TypeA,G,Unknown,Pop1
6.406177223859121,8.47369570526923,TypeA,G,Unknown,Pop1
4.396216316763322,8.151557159206527,TypeA,G,Unknown,Pop1
7.843563135646116,0.0,TypeA,G,Unknown,Pop1
6.461932088861596,9.830563646393944,TypeA,G,Unknown,Pop1
8.933448025454178,0.0,TypeA,G,Unknown,Pop1
7.479205756338976,0.0,TypeA,G,Unknown,Pop1
10.584919969486956,10.545687791726856,TypeA,G,Unknown,Pop1
7.997620614822743,0.0,TypeA,G,Unknown,Pop1
5.975521039655012,8.049615820074788,TypeA,G,Unknown,Pop1
6.535594871649736,7.155493413434845,TypeA,G,Unknown,Pop1
0.0,12.22558931163584,TypeA,G,Unknown,Pop1
7.508276541514155,9.475581793420062,TypeA,G,Unknown,Pop1
0.0,12.690408803608923,TypeA,G,Unknown,Pop1
9.390814671187224,12.060487220017263,TypeA,G,Unknown,Pop1
0.0,9.045096211713965,TypeA,G,Unknown,Pop1
0.0,10.150175274183662,TypeA,G,Unknown,Pop1
0.0,10.56048781214404,TypeA,G,Unknown,Pop1
9.051969731962469,11.556016247480311,TypeA,G,Unknown,Pop1
0.0,10.305028478374265,TypeA,G,Unknown,Pop1
8.65920901879643,9.623966696377057,TypeA,G,Unknown,Pop1
9.331348134040578,0.0,TypeA,G,Unknown,Pop1
5.383281175866591,0.0,TypeA,G,Unknown,Pop1
8.818659884711249,0.0,TypeA,G,Unknown,Pop1
8.259080842136031,10.03811124260281,TypeA,G,Unknown,Pop1
6.808779969050295,9.5662876790976,TypeA,G,Unknown,Pop1
8.989696173728252,10.41387793308357,TypeA,G,Unknown,Pop1
0.0,9.212898611806958,TypeA,G,Unknown,Pop1
0.0,12.687846503384847,TypeA,G,Unknown,Pop1
5.948430277450717,7.69939423789434,TypeA,G,Unknown,Pop1
0.0,9.392911906817663,TypeA,G,Unknown,Pop1
3.367236076491686,6.486810987926264,TypeA,G,Unknown,Pop1
8.646989287984445,9.691448847384018,TypeA,G,Unknown,Pop1
0.0,12.226860546921792,TypeA,G,Unknown,Pop1
9.71168484277915,0.0,TypeA,G,Unknown,Pop1
0.0,0.0,TypeA,G,Unknown,Pop1
5.327301525052826,8.208941282002279,TypeA,G,Unknown,Pop1
0.0,10.750518882553058,TypeA,G,Unknown,Pop1
0.0,9.467009248639101,TypeA,G,Unknown,Pop1
0.0,8.25455125966721,TypeA,G,Unknown,Pop1
9.467317025394767,11.27697834731116,TypeA,G,Unknown,Pop1
9.849733936424572,10.466934205460236,TypeA,G,Unknown,Pop1
5.820073949434721,0.0,TypeA,G,Unknown,Pop1
0.0,12.131615614367494,TypeA,G,Unknown,Pop1
0.0,0.0,TypeA,G,Unknown,Pop1
9.215658885700751,10.351668116020935,TypeA,G,Unknown,Pop1
8.351286977830512,0.0,TypeA,G,Unknown,Pop1
0.0,9.617100194578743,TypeA,G,Unknown,Pop1
0.0,0.0,TypeA,G,Unknown,Pop1
8.38530113910494,11.140692364930695,TypeA,G,Unknown,Pop1
7.826126469453279,0.0,TypeA,G,Unknown,Pop1
0.0,10.244289273025673,TypeA,G,Unknown,Pop1
0.0,12.480095701802478,TypeA,G,Unknown,Pop1
8.59126950519018,11.16186817378334,TypeA,G,Unknown,Pop1
9.912138007384469,0.0,TypeA,G,Unknown,Pop1
10.128993796090628,12.177078742752009,TypeA,G,Unknown,Pop1
8.108577737830911,0.0,TypeA,G,Unknown,Pop1
0.0,8.324461551342422,TypeA,G,Unknown,Pop1
8.692923456834238,9.481907257071782,TypeA,G,Unknown,Pop1
0.0,10.885997454066608,TypeA,G,Unknown,Pop1
9.33049766674367,10.945942122513845,TypeA,G,Unknown,Pop1
6.957245675114587,0.0,TypeA,G,Unknown,Pop1
7.4593366767574665,0.0,TypeA,G,Unknown,Pop1
6.5783506405076215,10.019919261165523,TypeA,G,Unknown,Pop1
11.668125966083918,12.87123071061344,TypeA,G,Unknown,Pop1
0.0,9.13508263844513,TypeA,G,Unknown,Pop1
7.811012752823734,0.0,TypeA,G,Unknown,Pop1
0.0,9.807613860438346,TypeA,G,Unknown,Pop1
0.0,8.582379961313533,TypeA,G,Unknown,Pop1
7.759332140159053,9.347455174036586,TypeA,G,Unknown,Pop1
0.0,10.428763309401717,TypeA,G,Unknown,Pop1
7.688681103985324,0.0,TypeA,G,Unknown,Pop1
6.578963496903661,10.654364295549101,TypeA,G,Unknown,Pop1
7.010622102981344,0.0,TypeA,G,Unknown,Pop1
6.6149810317936275,0.0,TypeA,G,Unknown,Pop1
0.0,12.192142175071154,TypeA,G,Unknown,Pop1
10.650581830912255,0.0,TypeA,G,Unknown,Pop1
0.0,0.0,TypeA,G,Unknown,Pop1
0.0,0.0,TypeA,G,Unknown,Pop1
0.0,7.7972318935858045,TypeA,G,Unknown,Pop1
7.302878640045695,10.073743833932662,TypeA,G,Unknown,Pop1
9.384108727543579,0.0,TypeA,G,Unknown,Pop1
7.7598552999909005,9.3445673860901,TypeA,G,Unknown,Pop1
6.027561845163501,10.298254702967897,TypeA,G,Unknown,Pop1
7.635303265470122,9.883523851770457,TypeA,G,Unknown,Pop1
0.0,10.182755166372809,TypeA,G,Unknown,Pop1
7.329610875331521,8.473527049422653,TypeA,G,Unknown,Pop1
8.144155490406975,0.0,TypeA,G,Unknown,Pop1
7.1995381963855225,9.533200301672471,TypeA,G,Unknown,Pop1
6.882471865526264,8.372455466671516,TypeA,G,Unknown,Pop1
0.0,9.8676291240468,TypeA,G,Unknown,Pop1
8.39909449114934,10.776394984194193,TypeA,G,Unknown,Pop1
7.459680849613608,8.537515525435982,TypeA,G,Unknown,Pop1
6.1718005689829845,0.0,TypeA,G,Unknown,Pop1
6.514679125098983,10.39147493765705,TypeA,G,Unknown,Pop1
9.645954245663658,10.40129954235224,TypeA,G,Unknown,Pop1
9.605003559533223,0.0,TypeA,G,Unknown,Pop1
7.162147938848033,0.0,TypeA,G,Unknown,Pop1
8.19238084357788,0.0,TypeA,G,Unknown,Pop1
4.699963655707368,6.829184837682596,TypeA,G,Unknown,Pop1
0.0,10.218167601324577,TypeA,G,Unknown,Pop1
7.251742585109644,0.0,TypeA,G,Unknown,Pop1
8.809965234860753,11.281433591996748,TypeA,G,Unknown,Pop1
4.8376055874202635,0.0,TypeA,G,Unknown,Pop1
0.0,0.0,TypeA,G,Unknown,Pop1
0.0,0.0,TypeA,G,Unknown,Pop1
7.379187110891139,10.473378629362088,TypeA,G,Unknown,Pop1
9.474145096768908,13.003695416229522,TypeA,G,Unknown,Pop1
0.0,0.0,TypeA,G,Unknown,Pop1
10.166316574822282,0.0,TypeA,G,Unknown,Pop1
6.874388690532278,8.947706657720682,TypeA,G,Unknown,Pop1
10.353997256887784,11.058918484824169,TypeA,G,Unknown,Pop1
7.609690641546447,11.27871216683584,TypeA,G,Unknown,Pop1
9.094978555664696,9.59183560254659,TypeA,G,Unknown,Pop1
8.461449301869044,10.188725732121373,TypeA,G,Unknown,Pop1
11.59479311893653,13.540498252418717,TypeA,G,Unknown,Pop1
7.9573944856281384,10.653600850441556,TypeA,G,Unknown,Pop1
0.0,8.117343508622623,TypeA,G,Unknown,Pop1
8.908969257153776,9.802443348412107,TypeA,G,Unknown,Pop1
0.0,6.625374180362627,TypeA,G,Unknown,Pop1
7.9936358223845625,9.969510735274559,TypeA,G,Unknown,Pop1
7.8101386982102365,9.665778286286294,TypeA,G,Unknown,Pop1
9.03231297402586,10.48545403278547,TypeA,G,Unknown,Pop1
0.0,9.771616118240933,TypeA,G,Unknown,Pop1
0.0,10.996221445898435,TypeA,G,Unknown,Pop1
0.0,0.0,TypeA,G,Unknown,Pop1
0.0,0.0,TypeA,G,Unknown,Pop1
7.388279350329688,7.314889117921538,TypeA,G,Unknown,Pop1
8.639053508659723,0.0,TypeA,G,Unknown,Pop1
0.0,0.0,TypeA,G,Unknown,Pop1
0.0,12.345288971300754,TypeA,G,Unknown,Pop1
0.0,9.397991379794727,TypeA,G,Unknown,Pop1
0.0,0.0,TypeA,G,Unknown,Pop1
8.44918781048087,10.93856237170879,TypeA,G,Unknown,Pop1
0.0,0.0,TypeA,G,Unknown,Pop1
8.5053310224043,0.0,TypeA,G,Unknown,Pop1
0.0,9.281620021748607,TypeA,G,Unknown,Pop1
7.897848451550771,11.05717825491502,TypeA,G,Unknown,Pop1
9.122144554698506,11.73808016164277,TypeA,G,Unknown,Pop1
7.37017400422504,9.06062756491105,TypeA,G,Unknown,Pop1
8.19412335260338,0.0,TypeA,G,Unknown,Pop1
6.8700782194586125,8.685176083015623,TypeA,G,Unknown,Pop1
8.1669929455125,11.216002171349391,TypeA,G,Unknown,Pop1
9.63598976952857,0.0,TypeA,G,Unknown,Pop1
9.756221862673309,0.0,TypeA,G,Unknown,Pop1
8.816451728054131,0.0,TypeA,G,Unknown,Pop1
9.905905546081122,0.0,TypeA,G,Unknown,Pop1
7.769206685680768,9.672493573810375,TypeA,G,Unknown,Pop1
0.0,10.920428251350485,TypeA,G,Unknown,Pop1
7.498135090632773,0.0,TypeA,G,Unknown,Pop1
7.773740143665353,0.0,TypeA,G,Unknown,Pop1
8.509486555452487,10.452540931731418,TypeA,G,Unknown,Pop1
8.44790072953123,8.737732336874604,TypeA,G,Unknown,Pop1
0.0,0.0,TypeA,G,Unknown,Pop1
7.865957939705026,9.681974603352346,TypeA,G,Unknown,Pop1
7.801823346031244,10.149405051392915,TypeA,G,Unknown,Pop1
9.103187303620306,10.324882578217991,TypeA,G,Unknown,Pop1
8.230107468587281,9.251734690972249,TypeA,G,Unknown,Pop1
8.311224170280273,0.0,TypeA,G,Unknown,Pop1
6.402256320421561,8.874853802834604,TypeA,G,Unknown,Pop1
7.169959005411015,0.0,TypeA,G,Unknown,Pop1
5.289599370000218,8.303969435018349,TypeA,G,Unknown,Pop1
11.075036188893211,0.0,TypeA,G,Unknown,Pop1
0.0,10.839602810663344,TypeA,G,Unknown,Pop1
7.678073390531436,8.95232957737797,TypeA,G,Unknown,Pop1
8.130622260187401,0.0,TypeA,G,Unknown,Pop1
9.512292562926753,0.0,TypeA,G,Unknown,Pop1
9.897165088466338,10.545480482850005,TypeA,G,Unknown,Pop1
8.764138070944902,11.817779867552742,TypeA,G,Unknown,Pop1
7.939745645006494,12.572127709843885,TypeA,G,Unknown,Pop1
0.0,9.439819820333815,TypeA,G,Unknown,Pop1
8.785345671433973,0.0,TypeA,G,Unknown,Pop1
8.7004923594108,10.822502174056162,TypeA,G,Unknown,Pop1
4.661356438081899,6.56529653835725,TypeA,G,Unknown,Pop1
6.831242507666999,0.0,TypeA,G,Unknown,Pop1
0.0,10.93168574012001,TypeA,G,Unknown,Pop1
7.923175178569683,0.0,TypeA,G,Unknown,Pop1
7.344965582377221,8.782498806482954,TypeA,G,Unknown,Pop1
6.677125972819866,0.0,TypeA,G,Unknown,Pop1
7.962535098560643,8.392310378670187,TypeA,G,Unknown,Pop1
9.085671385906977,10.838152750355473,TypeA,G,Unknown,Pop1
7.7881301225389015,10.40880222008958,TypeA,G,Unknown,Pop1
0.0,9.097251492546626,TypeA,G,Unknown,Pop1
7.191752645976605,9.802338391260427,TypeA,G,Unknown,Pop1
0.0,0.0,TypeA,G,Unknown,Pop1
6.667234643523996,9.126414722752433,TypeA,G,Unknown,Pop1
8.923300978299743,9.262340044783752,TypeA,G,Unknown,Pop1
7.327824673154808,9.535512360317918,TypeA,G,Unknown,Pop1
8.279109255626626,9.002360679806317,TypeA,G,Unknown,Pop1
8.903526952893603,0.0,TypeA,G,Unknown,Pop1
7.711576201401491,10.393076898774115,TypeA,G,Unknown,Pop1
0.0,0.0,TypeA,G,Unknown,Pop1
7.016789559202852,0.0,TypeA,G,Unknown,Pop1
0.0,9.641706519841401,TypeA,G,Unknown,Pop1
8.729370543425153,10.420198419956513,TypeA,G,Unknown,Pop1
0.0,0.0,TypeA,G,Unknown,Pop1
6.786094443302986,7.8914871410834815,TypeA,G,Unknown,Pop1
8.467073477907443,10.027342419633268,TypeA,G,Unknown,Pop1
5.987550794439034,0.0,TypeA,G,Unknown,Pop1
7.377778164961496,0.0,TypeA,G,Unknown,Pop1
7.201910306666412,10.091541102289849,TypeA,G,Unknown,Pop1
7.358408326214786,0.0,TypeA,G,Unknown,Pop1
0.0,11.388982017618606,TypeA,G,Unknown,Pop1
0.0,6.777424357495391,TypeA,G,Unknown,Pop1
0.0,11.316036678598188,TypeA,G,Unknown,Pop1
6.171852475832564,7.648992448679296,TypeA,G,Unknown,Pop1
8.696747215541965,0.0,TypeA,G,Unknown,Pop1
0.0,11.3192148778731,TypeA,G,Unknown,Pop1
9.712252157615907,10.944454592511779,TypeA,G,Unknown,Pop1
0.0,0.0,TypeA,G,Unknown,Pop1
0.0,7.449703623796037,TypeA,G,Unknown,Pop1
0.0,8.590869439747413,TypeA,G,Unknown,Pop1
0.0,10.402844083414823,TypeA,G,Unknown,Pop1
9.294016757162744,11.676426503346795,TypeA,G,Unknown,Pop1
7.533578793941281,10.02603005794943,TypeA,G,Unknown,Pop1
6.389815770675613,10.845115910586507,TypeA,G,Unknown,Pop1
9.109149177226524,10.578152222224706,TypeA,G,Unknown,Pop1
0.0,10.546598872802772,TypeA,G,Unknown,Pop1
0.0,0.0,TypeA,G,Unknown,Pop1
6.4062226586287485,7.8354763648792725,TypeA,G,Unknown,Pop1
8.865395146213014,11.336810702599418,TypeA,G,Unknown,Pop1
8.414056512825475,11.046988330580986,TypeA,G,Unknown,Pop1
0.0,0.0,TypeA,G,Unknown,Pop1
5.054904205803098,0.0,TypeA,G,Unknown,Pop1
0.0,10.616792460659317,TypeA,G,Unknown,Pop1
7.454607238857283,9.789064028844308,TypeA,G,Unknown,Pop1
6.123725544207716,10.133930082974066,TypeA,G,Unknown,Pop1
0.0,0.0,TypeA,G,Unknown,Pop1
10.190132847918978,11.459202807977057,TypeA,G,Unknown,Pop1
7.146543934197331,0.0,TypeA,G,Unknown,Pop1
8.57284141070395,10.796629362342847,TypeA,G,Unknown,Pop1
7.4275288126839385,10.615922086132024,TypeA,G,Unknown,Pop1
4.92261699709678,6.39174822417646,TypeA,G,Unknown,Pop1
8.125387084830118,11.169547961899191,TypeA,G,Unknown,Pop1
6.174588685790683,10.021296011526717,TypeA,G,Unknown,Pop1
7.407181664446662,9.047889573659603,TypeA,G,Unknown,Pop1
0.0,9.77298889394605,TypeA,G,Unknown,Pop1
6.660967081142321,9.168241112249618,TypeA,G,Unknown,Pop1
6.004274225547204,9.173569815992877,TypeA,G,Unknown,Pop1
0.0,8.495930462476197,TypeA,G,Unknown,Pop1
8.147719596833795,10.29443328326712,TypeA,G,Unknown,Pop1
6.8124064955182835,7.995470824531047,TypeA,G,Unknown,Pop1
7.708960461011181,0.0,TypeA,G,Unknown,Pop1
7.322748242213295,10.601200104820593,TypeA,G,Unknown,Pop1
7.723981421043486,9.770417969199634,TypeA,G,Unknown,Pop1
9.425793800914818,0.0,TypeA,G,Unknown,Pop1
6.064477329084543,10.227732052390003,TypeA,G,Unknown,Pop1
8.297577170490054,10.516727498153992,TypeA,G,Unknown,Pop1
0.0,0.0,TypeA,G,Unknown,Pop1
7.986553376990519,10.265574902760857,TypeA,G,Unknown,Pop1
0.0,9.289133067791118,TypeA,G,Unknown,Pop1
8.493531164051028,10.687621156949335,TypeA,G,Unknown,Pop1
7.0929763448094985,0.0,TypeA,G,Unknown,Pop1
0.0,9.47403724767745,TypeA,G,Unknown,Pop1
7.180695359761277,7.657508454977502,TypeA,G,Unknown,Pop1
8.550778167568463,10.927990042632985,TypeA,G,Unknown,Pop1
5.961881504111556,7.8961312430385675,TypeA,G,Unknown,Pop1
7.79388140310519,11.67503847254578,TypeA,G,Unknown,Pop1
0.0,10.816139359422973,TypeA,G,Unknown,Pop1
0.0,9.16688848376571,TypeA,G,Unknown,Pop1
8.996785808763208,11.705142256062562,TypeA,G,Unknown,Pop1
7.959521286319048,0.0,TypeA,G,Unknown,Pop1
0.0,12.129912184812714,TypeA,G,Unknown,Pop1
0.0,9.090276758590374,TypeA,G,Unknown,Pop1
6.092171256486331,7.022086490160179,TypeA,G,Unknown,Pop1
10.364034145458703,0.0,TypeA,G,Unknown,Pop1
7.938634906608039,10.18197435593073,TypeA,G,Unknown,Pop1
0.0,10.495153006431867,TypeA,G,Unknown,Pop1
0.0,12.377513338237076,TypeA,G,Unknown,Pop1
7.550027878174756,0.0,TypeA,G,Unknown,Pop1
7.318240373166169,9.774993592319953,TypeA,G,Unknown,Pop1
7.022414455653313,9.470123015670628,TypeA,G,Unknown,Pop1
6.485181442648481,0.0,TypeA,G,Unknown,Pop1
7.385525050010938,0.0,TypeA,G,Unknown,Pop1
7.398650557680124,10.838767773129597,TypeA,G,Unknown,Pop1
7.994312693528247,11.795253126439063,TypeA,G,Unknown,Pop1
0.0,9.337736424224445,TypeA,G,Unknown,Pop1
0.0,0.0,TypeA,G,Unknown,Pop1
0.0,8.561621124411351,TypeA,G,Unknown,Pop1
0.0,0.0,TypeA,G,Unknown,Pop1
0.0,0.0,TypeA,G,Unknown,Pop1
9.71509915784598,12.475513813990279,TypeA,G,Unknown,Pop1
6.747755319114916,9.17321288089988,TypeA,G,Unknown,Pop1
0.0,11.255333521155158,TypeA,G,Unknown,Pop1
8.583948055857288,0.0,TypeA,G,Unknown,Pop1
0.0,0.0,TypeA,G,Unknown,Pop1
0.0,10.305751045801333,TypeA,G,Unknown,Pop1
8.745202890546867,0.0,TypeA,G,Unknown,Pop1
0.0,9.985992817935792,TypeA,G,Unknown,Pop1
0.0,11.184468580741022,TypeA,G,Unknown,Pop1
5.301462826718858,0.0,TypeA,G,Unknown,Pop1
0.0,11.041890171213272,TypeA,G,Unknown,Pop1
1.6865099180472267,3.6111436009599958,TypeB,G,SubtypeA,Pop2
4.2445848241550035,0.0,TypeB,G,SubtypeA,Pop2
2.8795946835846156,4.273080069006365,TypeB,G,SubtypeA,Pop2
0.0,4.133356583068732,TypeB,G,SubtypeA,Pop2
0.0,3.3439546579259503,TypeB,G,SubtypeA,Pop2
0.0,3.3560512641758358,TypeB,G,SubtypeA,Pop2
1.5992818217701128,1.9100940036805452,TypeB,G,SubtypeA,Pop2
0.0,2.8024911376387585,TypeB,G,SubtypeA,Pop2
5.103687935584164,5.619802101529841,TypeB,G,SubtypeA,Pop2
4.211696682124609,5.635862628526525,TypeB,G,SubtypeA,Pop2
3.5952036629987805,4.021503659060201,TypeB,G,SubtypeA,Pop2
2.9610829178965377,6.103353276508401,TypeB,G,SubtypeA,Pop2
1.4965133615556656,2.9328370312296985,TypeB,G,SubtypeA,Pop2
3.889710460546604,5.009741787264866,TypeB,G,SubtypeA,Pop2
0.0,3.6769957270442024,TypeB,G,SubtypeA,Pop2
5.174769192601335,4.506185118723745,TypeB,G,SubtypeA,Pop2
3.1482794801285205,4.795475419831262,TypeB,G,SubtypeA,Pop2
3.8522022264135987,6.426188989703631,TypeB,G,SubtypeA,Pop2
6.35372299507811,5.88934811486829,TypeB,G,SubtypeA,Pop2
3.179529002080984,5.226627304693139,TypeB,G,SubtypeA,Pop2
0.0,0.0,TypeB,G,SubtypeA,Pop2
2.592293620114806,0.0,TypeB,G,SubtypeA,Pop2
3.7865344838286457,5.670194421315318,TypeB,G,SubtypeA,Pop2
3.9252540230922586,3.3488618661080087,TypeB,G,SubtypeA,Pop2
0.0,3.736766394010197,TypeB,G,SubtypeA,Pop2
4.629639902117268,6.025443435554677,TypeB,G,SubtypeA,Pop2
0.0,4.476796376380434,TypeB,G,SubtypeA,Pop2
0.0,0.0,TypeB,G,SubtypeA,Pop2
0.0,0.0,TypeB,G,SubtypeA,Pop2
3.466191755186486,0.0,TypeB,G,SubtypeA,Pop2
4.403409872592682,2.554867251962606,TypeB,G,SubtypeA,Pop2
3.350182710456287,0.0,TypeB,G,SubtypeA,Pop2
5.039299245263482,4.919629350637338,TypeB,G,SubtypeA,Pop2
5.132289212210553,0.0,TypeB,G,SubtypeA,Pop2
4.4454585924133525,5.791962474144068,TypeB,G,SubtypeA,Pop2
3.8235496779311946,0.0,TypeB,G,SubtypeA,Pop2
4.539870302598719,0.0,TypeB,G,SubtypeA,Pop2
0.0,3.4351845865581336,TypeB,G,SubtypeA,Pop2
0.0,0.0,TypeB,G,SubtypeA,Pop2
0.0,3.4397922792248723,TypeB,G,SubtypeA,Pop2
4.635852273016745,5.286594568698316,TypeB,G,SubtypeA,Pop2
3.387109187440938,0.0,TypeB,G,SubtypeA,Pop2
3.2797260646626256,4.709767711853695,TypeB,G,SubtypeA,Pop2
0.0,3.756457679876806,TypeB,G,SubtypeA,Pop2
4.440855473005544,0.0,TypeB,G,SubtypeA,Pop2
0.0,0.0,TypeB,G,SubtypeA,Pop2
0.0,4.063409533380216,TypeB,G,SubtypeA,Pop2
3.0711665676385005,3.990449987529918,TypeB,G,SubtypeA,Pop2
4.895075763328749,0.0,TypeB,G,SubtypeA,Pop2
2.6145681886965746,3.961056664594568,TypeB,G,SubtypeA,Pop2
4.127884410788399,2.23162903259471,TypeB,G,SubtypeA,Pop2
1.3071347574937184,2.167545129338545,TypeB,G,SubtypeA,Pop2
3.053964893421498,0.0,TypeB,G,SubtypeA,Pop2
0.0,0.0,TypeB,G,SubtypeA,Pop2
3.868153095847769,6.7821844497145545,TypeB,G,SubtypeA,Pop2
4.1435326693184225,5.360965542498145,TypeB,G,SubtypeA,Pop2
2.601167636421316,4.096849524393921,TypeB,G,SubtypeA,Pop2
0.0,0.0,TypeB,G,SubtypeA,Pop2
0.8493894306781744,1.7917706336445893,TypeB,G,SubtypeA,Pop2
3.208643768746212,0.0,TypeB,G,SubtypeA,Pop2
0.0,4.131041809510445,TypeB,G,SubtypeA,Pop2
0.0,0.0,TypeB,G,SubtypeA,Pop2
2.41234588744941,0.0,TypeB,G,SubtypeA,Pop2
3.9767888355442715,0.0,TypeB,G,SubtypeA,Pop2
0.0,5.249228262445703,TypeB,G,SubtypeA,Pop2
3.3639239858335444,4.785844740068829,TypeB,G,SubtypeA,Pop2
1.6384934963472002,0.0,TypeB,G,SubtypeA,Pop2
3.8409452848184977,0.0,TypeB,G,SubtypeA,Pop2
3.0402823547959925,2.812674539659,TypeB,G,SubtypeA,Pop2
2.859127619826881,4.560300362137779,TypeB,G,SubtypeA,Pop2
0.0,0.0,TypeB,G,SubtypeA,Pop2
4.135716656326166,5.261293109797709,TypeB,G,SubtypeA,Pop2
4.22116297921296,0.0,TypeB,G,SubtypeA,Pop2
6.170261065517361,0.0,TypeB,G,SubtypeA,Pop2
2.314148743395865,2.467187395077537,TypeB,G,SubtypeA,Pop2
6.388183860978572,0.0,TypeB,G,SubtypeA,Pop2
5.50681183753856,5.183722044131062,TypeB,G,SubtypeA,Pop2
1.3229095739693166,3.3327266633119517,TypeB,G,SubtypeA,Pop2
3.7841194363096022,7.036555241653911,TypeB,G,SubtypeA,Pop2
2.863662029571323,0.0,TypeB,G,SubtypeA,Pop2
0.0,9.451874259799913,TypeB,G,SubtypeA,Pop2
0.0,6.015532214401075,TypeB,G,SubtypeA,Pop2
1.4273902662576683,4.867142672596942,TypeB,G,SubtypeA,Pop2
1.8868246277511802,3.4507337478035405,TypeB,G,SubtypeA,Pop2
2.7865061809987024,0.0,TypeB,G,SubtypeA,Pop2
2.8554361322989448,0.0,TypeB,G,SubtypeA,Pop2
3.8934514602522343,4.830858332352712,TypeB,G,SubtypeA,Pop2
5.137738938178529,0.0,TypeB,G,SubtypeA,Pop2
6.288741168763962,7.190401541969212,TypeB,G,SubtypeA,Pop2
0.0,0.0,TypeB,G,SubtypeA,Pop2
0.0,5.458023550038716,TypeB,G,SubtypeA,Pop2
0.0,2.9999310160369084,TypeB,G,SubtypeA,Pop2
4.838769375904581,6.779540563892797,TypeB,G,SubtypeA,Pop2
0.0,6.187392079780695,TypeB,G,SubtypeA,Pop2
3.7565216963577983,3.7881772414941635,TypeB,G,SubtypeA,Pop2
4.527614055689218,4.193588560771014,TypeB,G,SubtypeA,Pop2
4.635643649136606,5.955425583279142,TypeB,G,SubtypeA,Pop2
5.8870952605243465,0.0,TypeB,G,SubtypeA,Pop2
0.0,0.0,TypeB,G,SubtypeA,Pop2
3.0217192281293426,5.385859658103187,TypeB,G,SubtypeA,Pop2
4.04904632453357,4.619640783408317,TypeB,G,SubtypeA,Pop2
3.5665665959880104,5.109864625024398,TypeB,G,SubtypeA,Pop2
3.9150683568365885,4.955660048040471,TypeB,G,SubtypeA,Pop2
0.0,0.0,TypeB,G,SubtypeA,Pop2
0.0,7.730260739978542,TypeB,G,SubtypeA,Pop2
5.991928991808722,6.299023794012815,TypeB,G,SubtypeA,Pop2
0.0,6.397825670851237,TypeB,G,SubtypeA,Pop2
3.766310712682739,0.0,TypeB,G,SubtypeA,Pop2
4.751447269929561,0.0,TypeB,G,SubtypeA,Pop2
4.032485716791278,7.1776348445646665,TypeB,G,SubtypeA,Pop2
0.0,0.0,TypeB,G,SubtypeA,Pop2
2.9546924444499876,4.368491541901486,TypeB,G,SubtypeA,Pop2
4.310022883066606,5.180202183333179,TypeB,G,SubtypeA,Pop2
4.015543871100045,4.8685418694715565,TypeB,G,SubtypeA,Pop2
1.6196462807203682,4.83016928231172,TypeB,G,SubtypeA,Pop2
5.422393800335646,5.052590820756568,TypeB,G,SubtypeA,Pop2
2.826931503757241,6.406640841411559,TypeB,G,SubtypeA,Pop2
0.0,6.882719923659626,TypeB,G,SubtypeA,Pop2
2.0574045566455603,0.0,TypeB,G,SubtypeA,Pop2
2.433107824571726,5.061504447700265,TypeB,G,SubtypeA,Pop2
0.0,5.399748678838119,TypeB,G,SubtypeA,Pop2
0.0,0.0,TypeB,G,SubtypeA,Pop2
5.470883591432722,5.246943324670465,TypeB,G,SubtypeA,Pop2
0.0,4.569925194054441,TypeB,G,SubtypeA,Pop2
4.468678131787413,0.0,TypeB,G,SubtypeA,Pop2
0.0,4.979051076711085,TypeB,G,SubtypeA,Pop2
0.0,7.824492630048602,TypeB,G,SubtypeA,Pop2
2.9807670861508235,2.7711260674596185,TypeB,G,SubtypeA,Pop2
0.0,2.99690421201988,TypeB,G,SubtypeA,Pop2
4.960527559673298,5.904758482015592,TypeB,G,SubtypeA,Pop2
0.0,0.0,TypeB,G,SubtypeA,Pop2
3.74762960986024,3.8269560167808736,TypeB,G,SubtypeA,Pop2
0.0,4.0690994404292935,TypeB,G,SubtypeA,Pop2
0.0,4.6951844280865425,TypeB,G,SubtypeA,Pop2
4.354968067361851,6.591061242572287,TypeB,G,SubtypeA,Pop2
2.2517633483762394,3.8609014692834167,TypeB,G,SubtypeA,Pop2
5.603198189459933,6.286789739765131,TypeB,G,SubtypeA,Pop2
2.3243641280953655,3.4660810417352708,TypeB,G,SubtypeA,Pop2
0.0,0.0,TypeB,G,SubtypeA,Pop2
3.900501131230102,4.591384667027601,TypeB,G,SubtypeA,Pop2
3.899576906236035,0.0,TypeB,G,SubtypeA,Pop2
2.5849091117401826,4.541611428534767,TypeB,G,SubtypeA,Pop2
5.705382799589818,5.374149846032039,TypeB,G,SubtypeA,Pop2
6.175075723179674,7.683067050092218,TypeB,G,SubtypeA,Pop2
6.536062118910948,0.0,TypeB,G,SubtypeA,Pop2
2.239459065088881,5.732458582521672,TypeB,G,SubtypeA,Pop2
3.588785673857194,0.0,TypeB,G,SubtypeA,Pop2
3.9411947602651742,4.842305107074031,TypeB,G,SubtypeA,Pop2
0.0,3.6390388229889137,TypeB,G,SubtypeA,Pop2
3.485424314139827,4.8071221203358405,TypeB,G,SubtypeA,Pop2
4.387779422049655,0.0,TypeB,G,SubtypeA,Pop2
4.609322582576632,0.0,TypeB,G,SubtypeA,Pop2
3.7394981798827915,3.8410301980917545,TypeB,G,SubtypeA,Pop2
3.9672793312937573,0.0,TypeB,G,SubtypeA,Pop2
2.326146075070962,3.800844307950915,TypeB,G,SubtypeA,Pop2
3.6242244048558185,5.4419907040561055,TypeB,G,SubtypeA,Pop2
1.882023124091845,3.4398334304437075,TypeB,G,SubtypeA,Pop2
4.642222887413291,0.0,TypeB,G,SubtypeA,Pop2
0.0,6.256400583079904,TypeB,G,SubtypeA,Pop2
4.899794505479118,5.712823202493672,TypeB,G,SubtypeA,Pop2
3.6602128162875185,0.0,TypeB,G,SubtypeA,Pop2
3.850010295326045,0.0,TypeB,G,SubtypeA,Pop2
0.0,3.9269750830660652,TypeB,G,SubtypeA,Pop2
0.0,6.170580147001863,TypeB,G,SubtypeA,Pop2
0.0,6.900240090928004,TypeB,G,SubtypeA,Pop2
1.3656260633580661,0.0,TypeB,G,SubtypeA,Pop2
3.536995309375518,6.0277214462254705,TypeB,G,SubtypeA,Pop2
3.971874425656457,0.0,TypeB,G,SubtypeA,Pop2
4.962690293881041,5.660220607392913,TypeB,G,SubtypeA,Pop2
4.428301552102425,5.598717774477913,TypeB,G,SubtypeA,Pop2
3.7860575794805227,4.789103599633937,TypeB,G,SubtypeA,Pop2
2.8266619948765452,5.0173082696628875,TypeB,G,SubtypeA,Pop2
3.4863069348396087,3.0014089663897052,TypeB,G,SubtypeA,Pop2
6.9113601398915705,8.845680051130843,TypeB,G,SubtypeA,Pop2
0.0,6.695827853253089,TypeB,G,SubtypeA,Pop2
6.4489042551851625,5.646923817605143,TypeB,G,SubtypeA,Pop2
2.9041345583284626,4.66328971863111,TypeB,G,SubtypeA,Pop2
6.058172720355,0.0,TypeB,G,SubtypeA,Pop2
4.526711479861607,5.9185154852641535,TypeB,G,SubtypeA,Pop2
5.864736151126793,7.048096070905948,TypeB,G,SubtypeA,Pop2
3.7306072769602827,5.309898776561371,TypeB,G,SubtypeA,Pop2
0.0,0.0,TypeB,G,SubtypeA,Pop2
0.0,3.3378199038308383,TypeB,G,SubtypeA,Pop2
4.502754490139806,4.569486531066611,TypeB,G,SubtypeA,Pop2
5.0288086556442515,5.14400594161735,TypeB,G,SubtypeA,Pop2
3.372931892321754,6.084640372464098,TypeB,G,SubtypeA,Pop2
6.621635322719194,6.008073924842452,TypeB,G,SubtypeA,Pop2
2.1584864271931643,0.0,TypeB,G,SubtypeA,Pop2
4.365147694055487,0.0,TypeB,G,SubtypeA,Pop2
3.888149197356481,6.714158910903417,TypeB,G,SubtypeA,Pop2
3.347144072622613,0.0,TypeB,G,SubtypeA,Pop2
1.4490069446928615,0.0,TypeB,G,SubtypeA,Pop2
2.8686538080824597,0.0,TypeB,G,SubtypeA,Pop2
1.4972025400896833,4.058713736816537,TypeB,G,SubtypeA,Pop2
4.334371425497962,0.0,TypeB,G,SubtypeA,Pop2
0.0,4.052656365006769,TypeB,G,SubtypeA,Pop2
1.2682713595464858,2.404806690629224,TypeB,G,SubtypeA,Pop2
0.0,5.575615139604535,TypeB,G,SubtypeA,Pop2
0.0,0.0,TypeB,G,SubtypeA,Pop2
2.7404488041036315,3.083554525132236,TypeB,G,SubtypeA,Pop2
0.0,0.0,TypeB,G,SubtypeA,Pop2
0.0,3.7909374944653553,TypeB,G,SubtypeA,Pop2
3.0607503089829353,0.0,TypeB,G,SubtypeA,Pop2
0.0,7.63154554378667,TypeB,G,SubtypeA,Pop2
4.552281811562869,5.301448795107822,TypeB,G,SubtypeA,Pop2
0.0,0.0,TypeB,G,SubtypeA,Pop2
2.3144159922078438,5.479418337108928,TypeB,G,SubtypeA,Pop2
0.0,6.315214664901733,TypeB,G,SubtypeA,Pop2
0.0,5.058874864459454,TypeB,G,SubtypeA,Pop2
1.7241084503042945,0.0,TypeB,G,SubtypeA,Pop2
2.7516475529018516,4.824154890211654,TypeB,G,SubtypeA,Pop2
4.902391915001848,5.063182247662842,TypeB,G,SubtypeA,Pop2
0.0,5.398974352758742,TypeB,G,SubtypeA,Pop2
0.0,1.7282894622091756,TypeB,G,SubtypeA,Pop2
4.431097682284384,5.154284382395463,TypeB,G,SubtypeA,Pop2
0.0,5.001207769390416,TypeB,G,SubtypeA,Pop2
3.15323928930241,3.570161850733472,TypeB,G,SubtypeA,Pop2
0.0,0.0,TypeB,G,SubtypeA,Pop2
3.5253146485651286,6.132660224585122,TypeB,G,SubtypeA,Pop2
0.0,4.71794008202652,TypeB,G,SubtypeA,Pop2
2.5363535784288542,4.709827435914179,TypeB,G,SubtypeA,Pop2
0.0,0.0,TypeB,G,SubtypeA,Pop2
3.7969409857127783,0.0,TypeB,G,SubtypeA,Pop2
4.40611213001747,5.992476148772563,TypeB,G,SubtypeA,Pop2
2.3512696817746543,3.372541258510716,TypeB,G,SubtypeA,Pop2
2.7403448536905133,0.0,TypeB,G,SubtypeA,Pop2
2.3806719227723785,5.982355036952773,TypeB,G,SubtypeA,Pop2
4.132282436403244,0.0,TypeB,G,SubtypeA,Pop2
0.0,0.0,TypeB,G,SubtypeA,Pop2
1.9572268043332253,3.6304081556031838,TypeB,G,SubtypeA,Pop2
4.795309168719586,0.0,TypeB,G,SubtypeA,Pop2
0.0,4.851251551399097,TypeB,G,SubtypeA,Pop2
4.473671137001987,0.0,TypeB,G,SubtypeA,Pop2
1.5935882192183102,0.0,TypeB,G,SubtypeA,Pop2
5.359703255519693,6.804305923739833,TypeB,G,SubtypeA,Pop2
0.0,0.0,TypeB,G,SubtypeA,Pop2
4.169943949850419,0.0,TypeB,G,SubtypeA,Pop2
4.714182653522932,6.36246308736679,TypeB,G,SubtypeA,Pop2
3.9502331394214227,5.3697655833284506,TypeB,G,SubtypeA,Pop2
5.392770946651443,0.0,TypeB,G,SubtypeA,Pop2
3.230795863765161,3.8579627116733937,TypeB,G,SubtypeA,Pop2
1.9152596560263326,0.0,TypeB,G,SubtypeA,Pop2
0.0,5.169065462069425,TypeB,G,SubtypeA,Pop2
0.0,5.99591709274794,TypeB,G,SubtypeA,Pop2
5.386961545540309,7.649545648967491,TypeB,G,SubtypeA,Pop2
3.4509400636741816,7.009139349342433,TypeB,G,SubtypeA,Pop2
4.654153760357898,0.0,TypeB,G,SubtypeA,Pop2
0.9569338415143331,3.963026729673457,TypeB,G,SubtypeA,Pop2
0.6687039893783826,2.8770702199715257,TypeB,G,SubtypeA,Pop2
2.349029140260512,3.9415560894616952,TypeB,G,SubtypeA,Pop2
3.245917939289503,0.0,TypeB,G,SubtypeA,Pop2
5.084062612968553,6.080688155557601,TypeB,G,SubtypeA,Pop2
4.451747118747819,4.998519069420543,TypeB,G,SubtypeA,Pop2
2.6011133946559806,0.0,TypeB,G,SubtypeA,Pop2
3.1442836418154725,0.0,TypeB,G,SubtypeA,Pop2
5.607142464913305,6.413483005633587,TypeB,G,SubtypeA,Pop2
0.0,0.0,TypeB,G,SubtypeA,Pop2
4.170250020675662,0.0,TypeB,G,SubtypeA,Pop2
1.682488336515993,0.0,TypeB,G,SubtypeA,Pop2
0.0,7.281918099789131,TypeB,G,SubtypeA,Pop2
2.0936753978705696,3.675773101339186,TypeB,G,SubtypeA,Pop2
4.779329919095352,4.819890682371873,TypeB,G,SubtypeA,Pop2
3.9480089730364636,6.036757592740649,TypeB,G,SubtypeA,Pop2
0.735304890993473,3.2785484192656624,TypeB,G,SubtypeA,Pop2
5.206495715946606,0.0,TypeB,G,SubtypeA,Pop2
4.697844696543282,0.0,TypeB,G,SubtypeA,Pop2
3.646290591400268,0.0,TypeB,G,SubtypeA,Pop2
5.413859876544326,4.819156809277531,TypeB,G,SubtypeA,Pop2
0.0,0.0,TypeB,G,SubtypeA,Pop2
0.0,5.1115233943176905,TypeB,G,SubtypeA,Pop2
3.1502729997208974,0.0,TypeB,G,SubtypeA,Pop2
2.0309087558390564,2.5738124992527847,TypeB,G,SubtypeA,Pop2
4.562264546083033,6.031038802158056,TypeB,G,SubtypeA,Pop2
5.169843842430376,6.471635742249843,TypeB,G,SubtypeA,Pop2
0.0,0.0,TypeB,G,SubtypeA,Pop2
0.0,0.0,TypeB,G,SubtypeA,Pop2
5.574901967021456,5.748021612981596,TypeB,G,SubtypeA,Pop2
4.115920659180371,0.0,TypeB,G,SubtypeA,Pop2
0.0,3.389851663347291,TypeB,G,SubtypeA,Pop2
2.160920431353393,0.0,TypeB,G,SubtypeA,Pop2
4.40187211309205,4.654660433944227,TypeB,G,SubtypeA,Pop2
6.764945725295825,8.648991121656874,TypeB,G,SubtypeA,Pop2
0.0,0.0,TypeB,G,SubtypeA,Pop2
3.6534100021845193,5.169349219888619,TypeB,G,SubtypeA,Pop2
6.331580213401205,6.802527536054909,TypeB,G,SubtypeA,Pop2
0.0,3.3221418796945024,TypeB,G,SubtypeA,Pop2
0.0,3.9333684557366624,TypeB,G,SubtypeA,Pop2
3.4007918723770736,4.36515039007959,TypeB,G,SubtypeA,Pop2
5.554248882508482,7.718988236965654,TypeB,G,SubtypeA,Pop2
5.376899532212412,5.5666470951980305,TypeB,G,SubtypeA,Pop2
0.0,0.0,TypeB,G,SubtypeA,Pop2
0.0,0.0,TypeB,G,SubtypeA,Pop2
3.0861762873905567,4.779281894653701,TypeB,G,SubtypeA,Pop2
3.9501036814411643,0.0,TypeB,G,SubtypeA,Pop2
5.051727014129605,6.137870897175979,TypeB,G,SubtypeA,Pop2
6.87898184004951,4.957631356554903,TypeB,G,SubtypeA,Pop2
2.970518242352777,0.0,TypeB,G,SubtypeA,Pop2
0.0,7.621000442290963,TypeB,G,SubtypeA,Pop2
2.152188166241286,5.209683635952985,TypeB,G,SubtypeA,Pop2
0.0,4.608491039713381,TypeB,G,SubtypeA,Pop2
4.054511039846997,6.429387458995182,TypeB,G,SubtypeB,Pop3
0.0,0.0,TypeB,G,SubtypeB,Pop3
5.615273957489881,5.661945349231169,TypeB,G,SubtypeB,Pop3
,,TypeB,G,SubtypeB,Pop3
4.198783045850879,4.946429543724592,TypeB,G,SubtypeB,Pop3
5.66762542800669,5.104434619310033,TypeB,G,SubtypeB,Pop3
3.370674173155874,0.0,TypeB,G,SubtypeB,Pop3
3.1421987000791805,7.335306267924041,TypeB,G,SubtypeB,Pop3
4.480682575551155,4.728891525455971,TypeB,G,SubtypeB,Pop3
0.0,0.0,TypeB,G,SubtypeB,Pop3
5.069296320566126,0.0,TypeB,G,SubtypeB,Pop3
0.0,3.9499023778200772,TypeB,G,SubtypeB,Pop3
1.4818359434216992,3.5618840091363486,TypeB,G,SubtypeB,Pop3
4.451243065085963,6.732259426821075,TypeB,G,SubtypeB,Pop3
3.983848759468473,5.8366224345906925,TypeB,G,SubtypeB,Pop3
4.281937084058992,4.435580429068119,TypeB,G,SubtypeB,Pop3
4.83635599750408,6.866316815085241,TypeB,G,SubtypeB,Pop3
5.14469036853748,5.741041905295484,TypeB,G,SubtypeB,Pop3
0.0,6.975307941067203,TypeB,G,SubtypeB,Pop3
0.0,2.237769538277394,TypeB,G,SubtypeB,Pop3
3.7618503926696745,6.174070948085104,TypeB,G,SubtypeB,Pop3
4.379169759526812,5.831541555776546,TypeB,G,SubtypeB,Pop3
5.691260986376747,7.1195680835843955,TypeB,G,SubtypeB,Pop3
4.25470359440707,0.0,TypeB,G,SubtypeB,Pop3
0.0,0.0,TypeB,G,SubtypeB,Pop3
3.5703192277257436,4.89611554430791,TypeB,G,SubtypeB,Pop3
4.419436886031038,0.0,TypeB,G,SubtypeB,Pop3
0.0,4.90452725862401,TypeB,G,SubtypeB,Pop3
0.0,5.935945843389703,TypeB,G,SubtypeB,Pop3
5.261591375300941,7.4014699364299865,TypeB,G,SubtypeB,Pop3
,,TypeB,G,SubtypeB,Pop3
,,TypeB,G,SubtypeB,Pop3
2.7956715201456017,0.0,TypeB,G,SubtypeB,Pop3
6.0743400562361245,6.569565135007907,TypeB,G,SubtypeB,Pop3
0.0,4.661331015484904,TypeB,G,SubtypeB,Pop3
4.9994896632241606,0.0,TypeB,G,SubtypeB,Pop3
5.479452410475716,5.557042225977213,TypeB,G,SubtypeB,Pop3
2.524219060467849,3.201898591256509,TypeB,G,SubtypeB,Pop3
2.1291925979150266,4.650508649837478,TypeB,G,SubtypeB,Pop3
3.3951689725465064,3.9635486598284584,TypeB,G,SubtypeB,Pop3
3.978013095283303,0.0,TypeB,G,SubtypeB,Pop3
5.533305550558322,6.857664832279925,TypeB,G,SubtypeB,Pop3
5.465883342398403,7.653562730859966,TypeB,G,SubtypeB,Pop3
0.0,6.215210739671675,TypeB,G,SubtypeB,Pop3
5000.0,4.99579288437201,TypeB,G,SubtypeB,Pop3
3.961328881087924,4.4864252244654,TypeB,G,SubtypeB,Pop3
,,TypeB,G,SubtypeB,Pop3
3.363351031332502,6.302280030390787,TypeB,G,SubtypeB,Pop3
6.162186442049515,6.484441471524663,TypeB,G,SubtypeB,Pop3
0.0,0.0,TypeB,G,SubtypeB,Pop3
3.7915664125003046,5.280753542647968,TypeB,G,SubtypeB,Pop3
3.105492500217816,0.0,TypeB,G,SubtypeB,Pop3
4.078489702875601,4.837232048257058,TypeB,G,SubtypeB,Pop3
0.0,5.560209591575263,TypeB,G,SubtypeB,Pop3
5.162722606526872,5.188193301856231,TypeB,G,SubtypeB,Pop3
3.095660515866663,3.9752793519130645,TypeB,G,SubtypeB,Pop3
0.0,8.797882488513583,TypeB,G,SubtypeB,Pop3
,,TypeB,G,SubtypeB,Pop3
3.965581462685153,5.1560811424642194,TypeB,G,SubtypeB,Pop3
3.7792266476185365,0.0,TypeB,G,SubtypeB,Pop3
3.9509981696723515,4.691451492088435,TypeB,G,SubtypeB,Pop3
3.2149618587752875,4.830329342788341,TypeB,G,SubtypeB,Pop3
0.0,7.28046014426504,TypeB,G,SubtypeB,Pop3
4.804984094656021,6.613041892937166,TypeB,G,SubtypeB,Pop3
3.0950327161179447,5.933216392913067,TypeB,G,SubtypeB,Pop3
0.0,5.6209593098602335,TypeB,G,SubtypeB,Pop3
0.0,5.374099832451775,TypeB,G,SubtypeB,Pop3
0.0,0.0,TypeB,G,SubtypeB,Pop3
,,TypeB,G,SubtypeB,Pop3
2.3875545350196763,5.098167907601602,TypeB,G,SubtypeB,Pop3
4.722584190037599,5.553762466847588,TypeB,G,SubtypeB,Pop3
3.8263905474961,0.0,TypeB,G,SubtypeB,Pop3
5.607588393934892,6.845957376669677,TypeB,G,SubtypeB,Pop3
2.9593877112581053,0.0,TypeB,G,SubtypeB,Pop3
0.0,0.0,TypeB,G,SubtypeB,Pop3
7.737102531891981,9.41497785142289,TypeB,G,SubtypeB,Pop3
0.0,5.449944349656696,TypeB,G,SubtypeB,Pop3
3.1369132534620987,5.510571798625056,TypeB,G,SubtypeB,Pop3
4.205390020288579,0.0,TypeB,G,SubtypeB,Pop3
,,TypeB,G,SubtypeB,Pop3
1.9594671026221602,3.701594593694053,TypeB,G,SubtypeB,Pop3
0.0,4.599227769540285,TypeB,G,SubtypeB,Pop3
0.0,5.403886777628717,TypeB,G,SubtypeB,Pop3
1.716055635683185,0.0,TypeB,G,SubtypeB,Pop3
4.06127267244001,0.0,TypeB,G,SubtypeB,Pop3
3.594793864956852,6.289844905387605,TypeB,G,SubtypeB,Pop3
5.226383954952607,6.42099141018985,TypeB,G,SubtypeB,Pop3
6.142207518379106,5.822185007158399,TypeB,G,SubtypeB,Pop3
5.327812835689932,6.2907760386415195,TypeB,G,SubtypeB,Pop3
0.0,5.721702971742815,TypeB,G,SubtypeB,Pop3
0.0,7.318830350327044,TypeB,G,SubtypeB,Pop3
0.0,0.0,TypeB,G,SubtypeB,Pop3
5.119718207527313,4.662166708062383,TypeB,G,SubtypeB,Pop3
5.285123363294166,0.0,TypeB,G,SubtypeB,Pop3
3.407546587288455,5.7479970333115995,TypeB,G,SubtypeB,Pop3
6.923106970445019,0.0,TypeB,G,SubtypeB,Pop3
4.3761657386822055,0.0,TypeB,G,SubtypeB,Pop3
4.593952036532201,4.8419827047933826,TypeB,G,SubtypeB,Pop3
5.320081612696881,5.524055755893392,TypeB,G,SubtypeB,Pop3
3.0659205268329788,4.087232175504921,TypeB,G,SubtypeB,Pop3
2.0152915321999063,2.9546307183852862,TypeB,G,SubtypeB,Pop3
6.193991262466606,5.680276869853778,TypeB,G,SubtypeB,Pop3
7.677397552746119,7.093261609740629,TypeB,G,SubtypeB,Pop3
3.89226214481807,5.400987168048005,TypeB,G,SubtypeB,Pop3
0.0,8.039237843510387,TypeB,G,SubtypeB,Pop3
,,TypeB,G,SubtypeB,Pop3
0.0,3.815652237466683,TypeB,G,SubtypeB,Pop3
5.300828769586584,5.409636544171296,TypeB,G,SubtypeB,Pop3
0.0,7.9870075499967825,TypeB,G,SubtypeB,Pop3
0.0,5.2857092895162845,TypeB,G,SubtypeB,Pop3
0.0,0.0,TypeB,G,SubtypeB,Pop3
0.0,5.47245521392299,TypeB,G,SubtypeB,Pop3
0.0,5.4978611650481355,TypeB,G,SubtypeB,Pop3
5.23699620449088,7.64792858423715,TypeB,G,SubtypeB,Pop3
4.620995028650824,5.639844651595671,TypeB,G,SubtypeB,Pop3
0.0,4.679728446208806,TypeB,G,SubtypeB,Pop3
0.0,0.0,TypeB,G,SubtypeB,Pop3
,,TypeB,G,SubtypeB,Pop3
5.958727703370525,7.067287409147047,TypeB,G,SubtypeB,Pop3
4.648017574293393,0.0,TypeB,G,SubtypeB,Pop3
0.0,0.0,TypeB,G,SubtypeB,Pop3
,,TypeB,G,SubtypeB,Pop3
4.80236744110839,0.0,TypeB,G,SubtypeB,Pop3
3.2587133344109938,3.3925384861964933,TypeB,G,SubtypeB,Pop3
0.0,0.0,TypeB,G,SubtypeB,Pop3
,,TypeB,G,SubtypeB,Pop3
0.0,7.538610193082347,TypeB,G,SubtypeB,Pop3
0.0,3.8410439055665493,TypeB,G,SubtypeB,Pop3
2.782964810670903,3.5329182960719505,TypeB,G,SubtypeB,Pop3
3.9879333065328013,0.0,TypeB,G,SubtypeB,Pop3
4.272269627836677,6.08307790099646,TypeB,G,SubtypeB,Pop3
0.0,0.0,TypeB,G,SubtypeB,Pop3
,,TypeB,G,SubtypeB,Pop3
2.570717194650355,4.697422331477939,TypeB,G,SubtypeB,Pop3
6.148620075511951,0.0,TypeB,G,SubtypeB,Pop3
6.070170303292819,0.0,TypeB,G,SubtypeB,Pop3
0.0,6.297321321753303,TypeB,G,SubtypeB,Pop3
2.0687825531323445,4.464466363922301,TypeB,G,SubtypeB,Pop3
5.348289333551332,6.139067459806804,TypeB,G,SubtypeB,Pop3
,,TypeB,G,SubtypeB,Pop3
0.0,5.031412675148911,TypeB,G,SubtypeB,Pop3
6.429122202620148,6.836657943467253,TypeB,G,SubtypeB,Pop3
,,TypeB,G,SubtypeB,Pop3
,,TypeB,G,SubtypeB,Pop3
5.134056672312573,6.119604401434294,TypeB,G,SubtypeB,Pop3
3.77412273240967,0.0,TypeB,G,SubtypeB,Pop3
,,TypeB,G,SubtypeB,Pop3
0.0,5.4318876926424675,TypeB,G,SubtypeB,Pop3
4.043031425797562,6.641678596302278,TypeB,G,SubtypeB,Pop3
0.0,4.610233158589341,TypeB,G,SubtypeB,Pop3
3.744925730134745,4.411106240378735,TypeB,G,SubtypeB,Pop3
,,TypeB,G,SubtypeB,Pop3
4.418088931184476,5.865805856994753,TypeB,G,SubtypeB,Pop3
7.141457553882568,0.0,TypeB,G,SubtypeB,Pop3
6.007942778114697,0.0,TypeB,G,SubtypeB,Pop3
1.0924480112403083,4.3237481574329415,TypeB,G,SubtypeB,Pop3
3.405515493446227,4.906359968390684,TypeB,G,SubtypeB,Pop3
7.153912330585825,0.0,TypeB,G,SubtypeB,Pop3
5.852563746348861,6.231716148097744,TypeB,G,SubtypeB,Pop3
,,TypeB,G,SubtypeB,Pop3
6.744412406087051,8.492322662204584,TypeB,G,SubtypeB,Pop3
5.7994822013376695,7.038729065448819,TypeB,G,SubtypeB,Pop3
0.0,2.2965542328331194,TypeB,G,SubtypeB,Pop3
7.990257876278294,8.704253654398183,TypeB,G,SubtypeB,Pop3
2.0643935740263717,5.0227410282469656,TypeB,G,SubtypeB,Pop3
5.878191614152448,7.3748908373889694,TypeB,G,SubtypeB,Pop3
0.0,6.062573698386877,TypeB,G,SubtypeB,Pop3
1.7533477255599528,1.2503773971648,TypeB,G,SubtypeB,Pop3
0.0,5.39818056484854,TypeB,G,SubtypeB,Pop3
0.0,4.112631280363307,TypeB,G,SubtypeB,Pop3
4.288311724327329,4.8966631569055385,TypeB,G,SubtypeB,Pop3
0.0,4.972382383430272,TypeB,G,SubtypeB,Pop3
3.8625428467680463,4.492932510724412,TypeB,G,SubtypeB,Pop3
4.015774476057647,4.986511662372669,TypeB,G,SubtypeB,Pop3
,,TypeB,G,SubtypeB,Pop3
0.0,8.476462239016218,TypeB,G,SubtypeB,Pop3
6.025054380564821,6.371288041916001,TypeB,G,SubtypeB,Pop3
0.0,0.0,TypeB,G,SubtypeB,Pop3
5.75635715899049,0.0,TypeB,G,SubtypeB,Pop3
2.9913486993628227,0.0,TypeB,G,SubtypeB,Pop3
4.429840899621231,5.715394974478889,TypeB,G,SubtypeB,Pop3
0.0,5.13322761892013,TypeB,G,SubtypeB,Pop3
0.0,4.809794718446642,TypeB,G,SubtypeB,Pop3
4.836690833952518,5.685417550299006,TypeB,G,SubtypeB,Pop3
,,TypeB,G,SubtypeB,Pop3
,,TypeB,G,SubtypeB,Pop3
3.5349567329246634,4.7296929276434385,TypeB,G,SubtypeB,Pop3
4.719008584992004,5.330490131903118,TypeB,G,SubtypeB,Pop3
2.539175417594882,4.4867018797177405,TypeB,G,SubtypeB,Pop3
,,TypeB,G,SubtypeB,Pop3
6.475190122053139,0.0,TypeB,G,SubtypeB,Pop3
0.0,0.0,TypeB,G,SubtypeB,Pop3
0.0,4.4956767908425075,TypeB,G,SubtypeB,Pop3
3.2826992920922713,4.79887757920723,TypeB,G,SubtypeB,Pop3
5.132639113455495,6.564561658129436,TypeB,G,SubtypeB,Pop3
0.0,0.0,TypeB,G,SubtypeB,Pop3
0.0,4.281367367939902,TypeB,G,SubtypeB,Pop3
0.0,0.0,TypeB,G,SubtypeB,Pop3
4.976021653828502,5.094147002600783,TypeB,G,SubtypeB,Pop3
0.0,5.343265994419543,TypeB,G,SubtypeB,Pop3
